comment,replies,date,user_name,likes
Pixel you Beauty ğŸ•º,"['1 saal mein fusssğŸ˜‚ğŸ˜‚', '\u200b@@mysteryconquerorbhai 7 Pro hai mere paas. Ek bhi problem nahi aayi abhi tak.', '@mysteryconqueror\xa0 ghanta!!mai pixel 6a 5 saal se use kr rha ,kch nhi hua and once you start using it sare android phones bcche lgengr ..and mere paas iphone samsung and pixel 3no phone h']",2025-08-27T17:46:54Z,@GlorytoMe7,91
14:43 google photos on steroids ğŸ˜‚ğŸ˜‚,['ğŸ˜‚ Exactly! Pixel 10 + Gemini AI = Google Photos ka Ultra Pro Max version! ğŸ”¥ğŸ“¸'],2025-08-27T17:24:36Z,@valricknunes8848,171
"That clear 100x is definately AI , why they never made such a great camera before. S26 series surely gonna surprise us","['I phone 17 series surprise kregi', '\u200b@@Edubasicsbiology Naaahhhhh', '\u200b@@EdubasicsbiologyIn dream ğŸ˜… Samsung or Vivo x series only gonna surprise us', '@@Edubasicsbiologylol ğŸ˜‚ android ke 10 saal purane features use karega iphone.']",2025-08-27T17:51:51Z,@benjiganjewala,81
2:15 Honesty say Google ka design Apple se primium lagta haiğŸ˜®â¤,[],2025-08-28T06:56:26Z,@shardulgalgate8076,38
Kon kon meri trahe 5 saal puarana phone use kar raah hai ğŸ’€,"['@RohitKumar-i3x7r 6 saal bro', '\u200b@@roy.dip_000hey greebi ğŸ˜¢ğŸ˜‚ğŸ˜…', '6 saal mittr', 'Me also 6 years ğŸ˜¢ğŸ˜¢', 'May be this next month in BBD Flipkart sales I will buy samsung s24 fe with old phone exchange']",2025-08-27T17:07:31Z,@RohitKumar-i3x7r,1041
"The price is beyond my capacity so thank you dear friend ğŸŒ¹ 
TaTa",[],2025-08-27T19:10:51Z,@achyutanandamukherjee8507,16
Timepas wale attendance plzğŸ˜…,"[""@@anujsaigal2864 ğŸ¤£ğŸ¤£ğŸ¤£here I'm"", '\u200b@@AdilBhat-z1mmein v aya huğŸ˜…', 'sab wohi hai yaar', 'aa gaayaaa ğŸ˜¢', 'Almost 2lakh views , Those 2lakh peoples not gonna buy this ğŸ˜‚ everyone timepass']",2025-08-27T17:05:48Z,@anujsaigal2864,285
Lgta h iss baar google ne sponsor kr dia bhai ko ğŸ˜‚,"['Na tsmc 3nm ka jadu hai aur update bhi accha keya pixel 9 ke mukabale ğŸ˜Š', 'Nahi bhai Pixel 9 itna bekaar aur overpriced tha ab 10series mai upgrade aaye hai isliye bas tareef ho rhi', 'Using pixel from start and this is the best android can offer and this is not for gaming ğŸ˜…', 'I Order 10 pro', '\u200b@@Daredevil98812okk bro but pichli baar wala pixel 9 bhot bakwas tha mene use Kia tha usee ğŸ˜‚']",2025-08-28T04:14:52Z,@youtuber-xyzz,85
Love You Google Pixel â¤ğŸ‰,[],2025-08-27T17:11:50Z,@mansinghyadav9656,23
You guys have a really great Graphics Designer/ Editor.â¤,[],2025-08-28T11:35:51Z,@ajitghawat3621,4
4:10 Brand ka script thağŸ˜‚ğŸ˜‚,"[""Don't buy american company's productsğŸ‡®ğŸ‡³"", 'Other platforms pe pre active milte hai isiliye bol rhe', '\u200b@@Lcravan1407mera dost ne toh last year flipkart se galaxy S23 kharida tha wo pre activated tha.. \nğŸ™„ğŸ™„', '\u200b@@ramlal3420 kai brnad kisi ek platform ke sath parterner ship karke smartphone bechti hai agar vo phone uske alawa kisi platforms pe mil rha uska high chance rahta hai ki wo pre active milega, jyada nuksan nhi hota uska but Warrenty kam milti hai isiliye is chizo se bachna chahiye', '@@Lcravan1407 Arey card discount bagera flipkart pe hi milega iss liye bol raha hai']",2025-08-27T17:13:44Z,@ramlal3420,88
Koi berozgar aya h kyağŸ˜¢,"['Sb berojgar hi aaye h ğŸ˜…', 'Yes plz', 'Ha bhai sahi bol rhe ho', 'Berozgar present here', 'Bhai apneaap ko akela mat samjho me tumhare sath hu ğŸ˜…ğŸ˜…ğŸ˜¢']",2025-08-27T17:24:09Z,@ShayanRahmani1,131
Pixel â¤,"[""Don't buy american company's productsğŸ‡®ğŸ‡³""]",2025-08-27T17:03:38Z,@Dj_Jogeswar-X-Dj-Udaya-Sahu,12
Kon kon meri tarah abi bhee 4g phone chala Raha h or 6 years purana phone chala Raha hğŸ˜…ğŸ˜…ğŸ˜…ğŸ˜…,[],2025-09-01T15:19:01Z,@balrammeena5703,2
Modi ji be like= Mera dost Doland trump ka phone hai sabhi ko lena hai ğŸ˜‚ğŸ˜‚ğŸ˜‚ğŸ˜‚,[],2025-08-28T08:59:23Z,@VISHALSINGH10M,1
Bhai phone ka wajan utha ke pta kar deta .. lagta hai sabji bazaar bohot aana jaana rehta haiğŸ˜‚ğŸ˜‚ğŸ˜‚ğŸ˜‚,[],2025-08-28T18:18:19Z,@rishi4036,0
i just searched for that and you popped up!!!,[],2025-08-27T17:04:26Z,@adisakhare449,5
Every colour is like tupperware water bottle ğŸ˜‚ğŸ˜‚,[],2025-08-27T17:16:37Z,@rohitkumarbohra,0
Itna mehnga fone fir bhi charger dene ki aukaat nhi hai,[],2025-08-29T11:12:54Z,@shadankhan411,8
1:16 - - 2016 se apka subscriber hu sirrrrâ¤â¤,[],2025-08-28T05:23:05Z,@souravhait6701,0
"I guess bring review for base pixel.
As the other 2 are definitely going to feel better than the base so, people could decide keeping base model in mind.",[],2025-08-27T17:20:01Z,@WarGodofficial.,8
Respect to the person who said koi berozgaar aya hai kya ğŸ˜‚,[],2025-08-28T16:42:41Z,@denny16905,0
Aaj to bhaiyya fas gye tum vo 22 nahi h 32 tak update dega ğŸ˜‚ğŸ˜‚ aaj pakde gye tum bolne me but love it â¤,"['@@brokenaftab7926 kaise bhai 32 tak dega', 'Android 22', 'Bhai android 22 ki baat horahi hai year ki nahi ğŸ˜‚', 'Ha mai Android 22 ki hi baat kar raha hu broğŸ˜¢', 'Bhai wo android version je vare me bol raha hai ğŸ˜…ğŸ˜…ğŸ˜… not year']",2025-08-27T17:18:07Z,@brokenaftab7926,4
Kon kon tem pas ke liye dekh rha heğŸ˜‚ğŸ˜‚ğŸ˜‚ğŸ˜‚ğŸ˜‚ğŸ˜‚,[],2025-09-02T14:50:54Z,@DineshKashyap-e1g,2
Mja nhi aya ğŸ˜‚ğŸ˜‚ğŸ˜‚ğŸ˜‚  price dek k kedni  m hlka hart attack ğŸ˜‚ğŸ˜‚,['@@SamsungTab-z3l ğŸ˜‚'],2025-08-27T18:26:42Z,@SamsungTab-z3l,13
Eagerly awaiting for this.... Sakal pasun khup da Yeun check krt hoteâ¤,['Mi pn â¤'],2025-08-27T17:24:40Z,@yogitapatil5102,2
"Mene 2 saal pehle rumour dekha...pixel 11 series me major upgrade huga...camera ke under.
Potrait 10 series me thik nhi karega 11 series me potrait ko leke bahut upgrade huga or night video me v bahut upgrade karega.",[],2025-08-28T01:13:44Z,@saithoaimog8031,5
*MasT Motaa Bhai* .. ğŸ‘ŒğŸ¿,[],2025-08-27T18:27:18Z,@HowToInHindi,0
5:56  kis kis ne notice kia Tpu bola inhone ğŸ˜…,[],2025-08-27T20:17:52Z,@rahulrxy3027,6
"When I had android I used to watch apple phone videos, now I have iPhone n watching pixel videosğŸ˜‚",[],2025-08-29T17:45:40Z,@king_ving,0
Mai â‚¹124999 me pixel ki jagah Samsung Galaxy S25 ultra choose karunga vajah processorğŸ˜‚â¤,"['Bhai Phele Khabhi Pixel use Kiya he me 6 pro se use kar raha hu, Abhi Kal Hi ye 10 pro Book Kiya He \n\nAgar 6 galaxy ko takar deta he to 10 pro ki kya hi baat he', 'Ofcourse \nAgr calling ke liye phone use karna h to pixel le sakte hoğŸ˜‚ğŸ˜‚\nYe to video recording main v heating se bnd ho jata h.', '\u200b@@jai1j96 galaxy ko takkar deta hğŸ˜‚ğŸ˜‚ğŸ˜‚\nExonys wale se compare kar rhe ho ?', '@@jai1j9 ğŸ˜‚ Bhai meri prso hi mere dost ka pixel 8 video call pe over heat hoke switch off ho gaya, ab service centre wale bol rahe hai IC burn ho gayi hai motherboard replace hoga.', '\u200b@@Shashwat_Lakhera kuch me hota hoga bhai mana nahi kar raha me pixel 6 pro 4 saal se use kar raha muje koi problem nahi aaya']",2025-08-28T05:04:50Z,@ayushsharma699,25
Maza aaayağŸ˜—,[],2025-08-29T07:57:25Z,@ayushtripathii,1
"This phone under 15k ğŸ˜‚
garibo attendance here","['Yes it is possible in your dreamğŸ˜‚', 'ğŸ˜¢', '@@UAASHLYNNbekar phone hai sab', 'Poco m7 pro realme nrzo 70 turbo vivo t4x any one choose this all phone very good for daily task and casual gaming', '\u200b@@pratapgaming4977acha aulad nhi hai to YHI bolegağŸ˜…ğŸ˜‚']",2025-08-27T17:02:49Z,@cricketlover-yt9ir,121
7 sal se ekhi phone chala raha huğŸ˜…,"['Legend spotted here', 'Jab tak phone kharab nahi ho toh kyu new phone lena', '\u200b@@georgegaming3250exactly', '\u200b@@LostInTheMiddleOfNowhereHumne garibi dekhi haiğŸ¤§', '\u200b@@anitchand4609I know...me too...']",2025-08-27T18:25:54Z,@anitchand4609,13
"Sir, I've been waiting for this video of yours for quite some time.",[],2025-08-27T17:20:49Z,@azharchoudhary2446,2
à¤®à¥‡à¤°à¥€ à¤¬à¤¸ à¤•à¥€ à¤¨à¤¹à¥€à¤‚ à¤¹à¥ˆ ğŸ˜¢ à¤²à¥‡à¤•à¤¿à¤¨ à¤®à¥ˆà¤‚à¤¨à¥‡ à¤ªà¥‚à¤°à¥€ à¤µà¥€à¤¡à¤¿à¤¯à¥‹ à¤¦à¥‡à¤–à¥€.ğŸ˜‚ğŸ˜‚ğŸ˜‚ğŸ˜‚,[],2025-08-27T17:24:35Z,@naveensingh5403,6
Wow first video ğŸ˜Š,[],2025-08-27T18:25:54Z,@vijayrockstarking,1
Next time drop test on marble floor ğŸ’” 3:53,['@@rohanchouhan7849 ğŸ˜‚'],2025-08-28T06:08:44Z,@rohanchouhan7849,6
This drop test is a joke ğŸ˜‚ğŸ˜‚,[],2025-08-27T17:48:40Z,@sam80000,0
"Arun Sir 5 saal se apki har video dekhta hu , Lekin abhi bhi main 5 saal purana phone he chala raha hu ğŸ™‚","['Brother tu har video DEKH RHA HAI isliye shayad kabhi le nhi paaya ğŸ¥²ğŸ’¸', 'To kharid leğŸ˜‚', '\u200b@@AdityaSharma-yr2eibrother tune toh fir 5 saal me 5 phone le he liya hoga', '\u200b@@ChunnuKumar-y4jabhi toh phone mast chal raha hai']",2025-08-27T17:11:27Z,@Mr.wilsan,13
That drop test is specially for Godi fans ğŸ˜‚ğŸ˜‚,[],2025-08-28T14:08:55Z,@Alwaysfactx,0
15:36 Pixel 10: full review,[],2025-08-27T18:29:37Z,@Mr.Triples_x_SurojitSen,14
à¤­à¤¾à¤ˆ à¤«à¥‹à¤¨ à¤ªà¤¾à¤°à¥à¤Ÿà¤¨à¤° à¤¶à¤¿à¤ª à¤¬à¤¤à¤¾ à¤•à¥‡ à¤¬à¤¹à¥à¤¤ à¤¹à¥€ à¤…à¤šà¥à¤›à¤¾ à¤•à¤° à¤°à¤¹à¥‡ à¤¹à¥‹....ğŸ˜‚ğŸ˜¢,[],2025-08-28T04:50:27Z,@amitkumaryadav4781,0
Realme p4 ki video kab aayegi? ğŸ˜¢,"[""They only want to create flagship mobile's video, so realme P4 series video will not come ğŸ˜¢"", 'Very sad ğŸ˜¢ğŸ˜¢']",2025-08-27T17:19:43Z,@MdRizwanHaque9,4
Bai baat ko samaj ham sirf dekh sakte hai leh nai sakte ğŸ˜‚,[],2025-08-28T13:28:40Z,@GoodPerson-d5x,1
1 lakh dene hai to iphone hi na le izzat to milegi thodiğŸ˜‚,['@@CricINDinfo-f3r chapri mindset'],2025-08-27T19:48:49Z,@CricINDinfo-f3r,3
My next phone is pixel 10pro â¤ & Thank's brother mujhe jish review ka intjar tha vo yahi h ğŸ˜Š,"['Tum kaun sa Job kar rahe ho ? Tumhara monthly salary 50,000 hai ? ğŸ˜ƒ', '\u200b@@SantoshTripathy2025sab krapa h bhai shri hari ki ğŸŒ·', 'ğŸ˜‚ mt le bhai baad mein royega isse Acha S25U lele', '\u200b@@Shashwat_LakherağŸ˜‚']",2025-08-28T12:04:56Z,@HarshRajSingh99,1
3:17 made in chaina ğŸ˜¬,['How exactly?'],2025-08-27T20:31:23Z,@princemondal16,3
He is best tech reviewer...since he knows every feature except the weight of the deviceğŸ˜‚,[],2025-08-28T05:02:06Z,@Real_mutual_fund_guide,0
Google pixel â¤,"[""Don't buy american company's productsğŸ‡®ğŸ‡³""]",2025-08-27T17:12:52Z,@SrishtiGoswami-z6q,4
I always skip the drop test! ğŸ«£,"['Then how do you know he is doing drop test you liar', '\u2060@@NickAaron-e3r1zfrom the time chapter you stupid ğŸ˜‚']",2025-08-27T18:04:42Z,@Rhys-A,14
3:44 ğŸ˜¢,[],2025-09-06T11:04:24Z,@shubhamgund2290,1
Aap hamesha phone girate ho but abhi tak ek bhi nahi tuta ğŸ˜¢,"['@@Siddhu-q4u tutega toh bich mai hi video shoot skip karke company new phone bhej degi ğŸ¥±', 'Bhai phone tutta h uneven surface par ye table pr girata h jisme kuch nhi hoga sadak pr girake check kare tab pta chalega']",2025-08-27T17:09:58Z,@Siddhu-q4u,4
7:00 flagship experience ğŸ˜‚ğŸ˜‚ğŸ˜‚ğŸ˜‚ phone money ke hisab se flagship hi haiiğŸ˜…,[],2025-08-27T18:03:58Z,@godsonvasaikar200,0
Maye to gareeb admi hu jhola utha ke chal dunga video dekhne ke baad,[],2025-09-02T20:56:28Z,@ShoyebMishthan,0
10:20 Sony and Samsung dono company ke Camera sensor â˜ ï¸,['so what.. thas too common bruh'],2025-08-28T05:10:31Z,@ShubhamKumar-vp2ds,5
à¤«à¤¿à¤° à¤† à¤—à¤¯à¤¾ à¤”à¤•à¤¾à¤¤ à¤¸à¥‡ à¤¬à¤¾à¤¹à¤° à¤µà¤¾à¤²à¤¾ à¤«à¥‹à¤¨ ğŸ˜‚ğŸ˜‚ğŸ˜‚,['ğŸ˜‚ğŸ˜‚'],2025-08-27T23:53:34Z,@msmsms9166,2
Any 30K phone is much batter then this anytime,[],2025-08-28T03:41:45Z,@ShivBalram,7
Na p4 or na p4 pro ka or na vivo t4 pro ka unboxing koya hi nahin . Kab se wait kar rahe the hum or kitne log,[],2025-08-28T17:07:15Z,@youtubekidukan2730,0
Pura mood kharab ho gaya jab phone ka box dirty dekha 0:22,[],2025-08-27T17:39:23Z,@Prem-o8n,7
"If it isn't a Flipkart Collab ,he will insult the pixel for it's performance and antutu",[],2025-08-28T04:18:33Z,@rahulnaik4692,1
Pixel 6a Jindabaad tha jindabad hai aur jindabad rahega ğŸ˜‚ rahena padega ğŸ˜…,[],2025-08-28T15:12:35Z,@Beearthy5,0
2:32 Sab Ka Baap Appla ğŸ—¿ğŸ—¿,[],2025-08-28T13:05:02Z,@pankajkumawat1497,0
Apne editor leg se boliye xl ke link par pro open ho rha hai our pro ke link par xl ğŸ˜…ğŸ˜…,[],2025-08-28T08:58:24Z,@bhojpurieditoryt6155,1
"Ye mobile aapne kaam ka nahi hai, â¤â¤ğŸ˜‚",[],2025-08-29T04:53:48Z,@surajdode456,0
15:23  review choro 3no mein se koi ek giveaway kar do(mujhe)ğŸ˜¢ğŸ˜‚ğŸ˜‚,[],2025-08-30T03:22:09Z,@PrinceKumarSharma-pks,0
"Arey re pachka ho gaya I waited for the whole video to listen"" Yeh Video humne google ke collaboration me banaya hai"" ğŸ˜¨ğŸ˜°all of  a sudden flipkart OMG ğŸ˜ŸğŸ˜¢",[],2025-08-29T14:20:13Z,@vidhyutdey8424,0
Bhai 2022 to gya 7 saal means 2032 tak ğŸ˜‚ğŸ˜‚ğŸ˜‚ğŸ˜‚,[],2025-08-28T02:54:51Z,@sunilkumar-iw5vr,0
Google pixel 5 wale haazir ho..ğŸ™‹â€â™‚ï¸,[],2025-08-30T18:20:16Z,@mohammadshahid4365,0
Pixel 6A wale like karo ğŸ˜…â¤ï¸ğŸ™Œ,[],2025-08-28T17:34:38Z,@Ninjaxplayz01,1
Mai to video dekhne aya hu buy to kabhi kar hi nahi sakte ğŸ˜‚,[],2025-08-31T15:06:31Z,@r_d_gaming3144,0
Agle saal jab 10000 off hoga tab lenge â¤â¤,[],2025-08-28T05:04:08Z,@visionxman,0
It's a first time that I have commented on unboxing video your just doing it far better the lighting framing colours fonts and everything is perfect I loved it â¤,[],2025-08-28T16:23:33Z,@anewview915,0
Kon kon description se collab dekhke aya haiğŸ˜‚,[],2025-08-28T05:39:15Z,@achintyam0782,1
Kon kon mere trah video dekhta hai but leta nahi ğŸ˜…ğŸ˜…,[],2025-08-27T22:06:25Z,@statusgururk6284,1
from the waiting time for this mobile phone i was literally expecting something out of the discussion form the google pixel but still it has not reached that flagship level performance i am damn sure that the upcoming mobile phones are gonna easily surpass it in all the marks best of luck to the pixel 10 series,[],2025-08-27T18:06:11Z,@divyachakshu856,2
"Recalling his older pixel video, jab sponsership ni thi ğŸ˜‚ğŸ˜‚ğŸ˜‚ğŸ˜‚",[],2025-08-28T04:46:17Z,@SudoDeveloper,0
Bhai itna mahnga phone battery itni kam  yrr silicon carbide deni thi ğŸ˜…ğŸ˜…ğŸ˜…ğŸ˜…,[],2025-08-28T17:56:20Z,@satyamverma7607,1
"Bahoot mehenge phone hai, ya mai hi gareeb hoo. Kuch to haiğŸ˜®",[],2025-08-28T03:57:21Z,@vivekmahajan7411,0
Kab tak hm sirf review hi dekhenge ğŸ˜‚,[],2025-08-27T17:26:15Z,@samikhan-jq3zc,0
Saare phone upar se girate hain aap par  aajtak koi damge nahi huağŸ˜‚ğŸ˜‚,[],2025-08-27T17:33:05Z,@pankajtiwari5834,0
"1.25 lakh mein koi S25 Ultra, Vivo X200 ya isse bhi aadhe mein Oneplus 13 na lele ğŸ˜‚",[],2025-09-01T17:01:39Z,@Shashwat_Lakhera,1
"Indian idiol wale bande ki tarah haal hai
Google pixel wale kahe rahe hai tere budget me nhi hai or main kah raha hu mujhe kaha lena haiğŸ˜‚",[],2025-08-31T16:40:27Z,@Himanshu_ig001,0
Ek bike mil  jayega itni price main  ğŸ˜‚ğŸ˜‚ğŸ˜‚,[],2025-09-04T01:20:29Z,@HimansuSekharDalai-w1e,0
I think people should wait 2-3 months. The price will drop significantly. This is the scenario of pixel phones.,[],2025-08-28T04:48:29Z,@theanimalkingdom97,1
De do yar 1 ğŸ˜‚,[],2025-08-28T06:08:14Z,@AbhishekYadav-ol2wj,0
Muje bhi pixel AI pr video bnani hai ğŸ˜ğŸ˜,[],2025-08-28T06:19:42Z,@sachdevaAI,0
pixel phone is good but battery backup is like iPhone 6sğŸ˜‚,[],2025-08-28T13:20:27Z,@shenphongwangsa,0
Still using 4g with 1.5gb internet ğŸ˜‚,[],2025-08-28T06:41:48Z,@raj_aman,1
My pocket has 80rs but still I am watching 80k phone unboxing,[],2025-08-28T11:25:48Z,@NickAaron-e3r1z,0
"à¤‡à¤¸ video à¤•à¥‹ à¤®à¥ˆà¤‚ 4 à¤¦à¤¿à¤¨ à¤¸à¥‡ wait à¤•à¤° à¤°à¤¹à¤¾ à¤¥à¤¾ 
Thanku so much",[],2025-08-27T17:22:22Z,@pramodpatelofficial4470,1
à¤¸à¥ˆà¤®à¤¸à¤‚à¤— à¤•à¤¾ à¤¹à¥€ à¤¸à¥‡à¤‚à¤¸à¤° à¤¹à¥ˆà¥¤à¥¤à¥¤à¤•à¥ˆà¤®à¤°à¤¾ à¤•à¤¾à¥¤à¥¤à¥¤à¤¤à¥‹ à¤¸à¥ˆà¤®à¤¸à¤‚à¤— à¤¹à¥€ à¤²à¥‡à¤‚à¤—à¥‡ à¤¨ ğŸ˜‚ğŸ˜‚ğŸ˜‚à¥¤à¥¤à¥¤à¤ªà¥à¤°à¥‹à¤¸à¥‡à¤¸à¤° à¤¤à¤—à¤¡à¤¼à¤¾ à¤®à¤¿à¤²à¥‡à¤—à¤¾,[],2025-08-28T07:07:36Z,@imahunter1174,0
Waiting for your unboxing â¤,[],2025-08-27T17:48:35Z,@vedantttttttttttttttt,0
"Next ğŸ˜…
 iphone 20 ultra pro max ğŸ˜‹
(Apple fan boy)ğŸ’…ğŸ»

ğŸ—¿Google & apple  we are same same but differentğŸ‘¯ğŸ˜‹

8:02",[],2025-08-27T18:39:11Z,@factsgamingyt5247,0
Apke video ki quality bhi esi hi hai 100-200 gramğŸ˜‚ğŸ˜‚ğŸ˜‚,[],2025-08-30T04:21:49Z,@dhemanpat17,0
The Best unboxing video i have seen of pixel 10 series,[],2025-08-28T16:15:11Z,@anewview915,0
"Pixel, the iphone of the Android environment. Google is doing fantastic work.",[],2025-08-28T07:35:02Z,@vivaindian,1
Kya ad nhi chala bey.. poore 16.30 minutes ka ad chala ğŸ˜‚ğŸ˜‚,[],2025-08-27T20:08:13Z,@mepatil4,2
"Video Like in chapter type i like it 
Konsa kam ka scene hai binaa dair k dekhLO nice",[],2025-08-28T18:14:31Z,@magsinaveed838,0
Price ğŸ¤¯ğŸ˜¢ kiske liye bhi kidney dena padega ğŸ˜¢......,[],2025-08-28T01:23:02Z,@debadattabarik984,0
"136th comment
Luv u arun bhaiâ¤",[],2025-08-27T17:15:55Z,@ShriyansArora,0
Kidney bech dun Kya ğŸ˜‚ğŸ˜‚ğŸ˜‚,[],2025-08-30T08:39:36Z,@BattleEmberTV,0
Kon kon meri tara realme device used karte huu like karo ğŸ˜‚,[],2025-08-29T04:14:31Z,@AlbertDebbarma-d5m,1
Bhai tujhe v nhi mila phn unboxing ke liye ğŸ˜…,[],2025-08-30T07:58:04Z,@ItsGolu3492,0
à¤²à¤•à¤¡à¤¼à¥€ à¤ªà¤° à¤•à¥à¤¯à¥ à¤—à¥ˆà¤° à¤°à¤¹à¥‡ à¤¹à¥‹ à¤œà¤®à¥€à¤¨ à¤ªà¤° à¤—à¥ˆà¤°à¥‹ jabhi to pata à¤šà¤²à¥‡à¤—à¤¾ à¤«à¥‹à¤¨ à¤Ÿà¥‡à¤¬à¤² à¤ªà¤° à¤¥à¥‹à¤¡à¥€ à¤—à¤¿à¤°à¤¤à¤¾ he  niche gera ke dekhaoo he dam to ğŸ˜‚,[],2025-08-27T18:11:10Z,@Rinku_live_ff_1,0
Abki bar Vivo T4 pro ka collaboration nahi mila kya ğŸ˜…ğŸ˜…ğŸ˜…,[],2025-08-27T17:34:01Z,@LK_TALK_01,0
I don't like Pixel phones because of the Tensor processor.ğŸ˜¢,[],2025-08-28T05:00:53Z,@ayushsharma699,1
"I am in pune now .
I hope we can meet , where is your office.ğŸ˜Š",[],2025-08-28T04:37:20Z,@justtransparenthought,1
Bhai aapse itna pyar tha but aap abhi humko disappointed kar diye kya zarurat hai bhai collaboration mile tab hi video banaoge agar nhi mila ta nhi banaoge,[],2025-08-28T06:12:43Z,@tonystark4101,0
Sir try kiya karo ek ek phone ke liye dedicated video banane ki rather than showing all of them in 1,[],2025-08-29T11:51:00Z,@Taksh9iy,0
Mein toh garib hoon kaise le payunga a phoneğŸ˜‚ğŸ˜‚ğŸ˜‚ğŸ˜‚ğŸ˜‚ğŸ˜‚ğŸ˜…ğŸ˜…ğŸ˜…ğŸ˜…ğŸ˜…ğŸ˜…ğŸ˜…ğŸ˜…ğŸ˜‚ğŸ˜‚ğŸ˜‚ğŸ˜®ğŸ˜®ğŸ˜®ğŸ˜®,[],2025-08-27T17:18:26Z,@Ranjitojha90,0
Bhai subscriber hu please reply ğŸ˜Š,[],2025-08-27T17:16:48Z,@rajpatel87,0
Pixel 10 ka full review pleaseğŸ™ sir,[],2025-08-28T08:36:32Z,@DhruvDudhrejIya-go1of,2
Kharidne ka aukat nahi hai phir bhi dekh rahi hu ğŸ˜‚ğŸ˜‚ğŸ˜‚ğŸ˜‚,['@@sanamdebbarma5000 deko deko isme kya h'],2025-08-28T14:23:14Z,@sanamdebbarma5000,1
If pixel brings QSD processor with a bit more less bezzels in display then there's no samsung ğŸ˜‚,[],2025-08-28T12:42:16Z,@mohammedrishan8027,0
Kon kon meri tarah 6 saal purane phone use kar raha hai ğŸ‘½,[],2025-08-28T07:50:05Z,@Trendingvideos-uv5xk,0
"I love pixel phone's
One day I buy â¤ğŸ˜Š 
Inshallah â¤",[],2025-08-28T06:34:59Z,@AasifKhan-vg3ez,0
Nice but humlog photo me hi dekh payege,[],2025-08-27T17:44:44Z,@Bihartoworld,0
Thanks For 444 Subscribe ğŸ‰ğŸ‰ğŸ‰ğŸ‰,[],2025-08-30T09:56:22Z,@rakeshhhhhhhhhhh93,0
Bhai ye kab phone release krr dete hain ğŸ˜‚pta hi nahi chalta ğŸ˜‚,[],2025-08-28T15:20:11Z,@Amrit.Ambarsaria18,0
Bhaut acha guidance dete ho apğŸ˜Š,[],2025-08-27T18:05:23Z,@RohitPrajapati-uh7kj,0
16 minit tak add dekha ğŸ˜‚,[],2025-08-29T19:10:36Z,@AmirHamza-12345,0
"Phone à¤¤à¥‹ no doubt kafi acha hai ğŸ˜ŠğŸ‘. But Pixel phone k software design (UI/UX) kafi cheap lagte Hain, eaisa lagta hai ki koi 8- 10 hazar ka phone hai. ğŸ˜…
 Jabki eske competitors Samsung and Apple uske software design kafi ache lagte hai dekhne meğŸ˜Š",[],2025-09-01T04:56:50Z,@kaushik5946-i3f,0
Editing ğŸ‘ğŸ»,[],2025-08-28T05:49:14Z,@HeroYoutube2091.,0
Kon kon meri tarah har new video dekhta hai lekin chalata purana hi hai,[],2025-08-28T11:44:31Z,@suvaib238,0
0:38 Ruk jao sab log 8 month k bad ye mobile under 50k milegağŸ˜…ğŸ˜‚,[],2025-08-28T18:17:34Z,@omnitixgameing10m,0
Kiska kiska phone Meri tarah kabad Ho Gaya fir bhi video dekhna band nahin karte sir kaâ¤,[],2025-08-28T03:24:24Z,@Official_Ganga_84,0
Good â¤â¤â¤,[],2025-09-01T15:28:30Z,@Raviravi-hq2xv,0
13:30 Chalo time pass ho gaya ğŸ˜‚,[],2025-08-28T03:02:07Z,@rkediting9276,0
"in terms of colour, design and camera Pixel nailed it literally, Iphone got tough competition in all these",[],2025-08-28T07:01:54Z,@K.H289,0
Vote for pixel 10 vs i phone 16 --------------------------------------------->,[],2025-08-27T17:28:16Z,@BANPAN3.0,2
Mein to ye video htc one ke phone se dekh raha hu yrr 2012 December me liya tha ğŸ˜‚,[],2025-08-28T12:08:20Z,@FusionZonaX,0
"I'm not sure why tech YouTubers donâ€™t call out brands for this. Google did the exact same thing with the Pixel 9  they left out the vapor chamber cooling system, which is actually really important. Because of that, the regular Pixel 9 heats up even during basic stuff like scrolling Instagram, while the Pro version has it. And now the same thing will happen again with the Pixel 10 since it doesn't has one.",[],2025-08-28T00:27:44Z,@vvindia1999,1
I will not buy new phone until new innovations come in smartphones,[],2025-08-27T17:40:56Z,@Tech-l7g,2
"Watching with iphone 12 pro xl . 
Still donâ€™t get any reasons to upgrade to any new phone after 5 years. ğŸ˜•
Hope 17 pro will not disappoint.ğŸ˜‡ğŸ‘",[],2025-08-28T08:36:34Z,@devensinghrathore,0
Apple ko Chhodo bhai Google Ne To alag Hi Nasha Karke Baithe HainğŸ˜‚ğŸ˜‚ğŸ˜‚,[],2025-08-27T18:38:59Z,@BIG_B.786,0
Watching Google pixel 10 unboxing from my nokia g23 ğŸ¤©,[],2025-08-27T18:31:01Z,@sagaradvirkar,0
"Main abhi pixel 6a Use Kar Raha hoo aur Badhiya hain 
Dekhte hain 
Watching From Pixel 6a ğŸ˜…",[],2025-08-27T17:55:31Z,@iamatulshrivastav,0
"Still using pixel 6a and not going to purchase newğŸ˜‚
Battery jaan bhujhkar kharab kar diye h google valeğŸ˜‚ğŸ˜‚ğŸ˜‚ğŸ˜‚",[],2025-08-27T18:04:00Z,@Vikram_University,0
Bhai google pixel 10 or 10 pro ka camera and video wise compare video dalo phle uske bad fir iphone se inki compare krke video dalo m granty du jitne tere folower hai 90% ki ye demn hogi bhai hm wait krege in sab video ka bhai â¤,[],2025-08-27T19:56:42Z,@Athletic_vishu,0
Realme ke app store ko experience kere our video banae please ğŸ˜Š,[],2025-08-27T17:22:03Z,@PradeepPatel-w5v,1
à¤†à¤ª à¤•à¥Œà¤¨ à¤¸à¤¾ à¤«à¥‹à¤¨ à¤šà¤²à¤¾à¤¤à¥‡ à¤¹à¥‹ğŸ˜Š,['Bhai aaap kaka se ho'],2025-08-28T02:38:12Z,@SumitBhati-u2u,1
Vote for iphone 69 pro max unboxing ğŸ˜‚,[],2025-08-27T17:09:57Z,@ramlal3420,5
Incoming NPC comments:,[],2025-08-27T17:21:10Z,@vedantkolte9473,0
Oppo f5â¤old is gold â¤,[],2025-08-28T17:52:19Z,@alibbty5951,1
Again the smartest phone inside the room,[],2025-08-28T11:32:41Z,@AshutoshVerma-zw1id,0
Kaun kaun meri tarah 17 series ko ignore krke 16 series ki taraf gaya,[],2025-08-28T00:05:34Z,@Arjunreaction69,0
Me watching this on my pixel 6a ğŸ˜‚,[],2025-08-28T07:27:36Z,@Gaurangtyagi13,0
How much time to charge pixel 10 from 1 to 100% ?,[],2025-08-29T15:04:33Z,@silentnewbie5561,1
Just bought s25 ultra i think pro xl ke liye wait kar lena chahiye tha ğŸ¥²ğŸ¥²,[],2025-08-27T19:51:45Z,@RajKumar-cx1jt,0
"aapka haath abhi thik hai, dekh kar acha laga",[],2025-08-28T06:41:06Z,@rithikroy6437,0
Mera toh 7 saal purana se dekh rahahu,"['7 saal purana Xiaomi phone hai ?', 'Tumhara phone online data Safe nahi hai hack ho sakta hai , abhi koi new phone le lo festival offers hai ğŸ˜Š']",2025-08-28T14:03:54Z,@runaltripura001,2
1 Lakh ka Phone Antutu - 1.4 ğŸ˜‚ Jo 22 Thousand Maihi Milta Hai ğŸ˜‚,[],2025-08-28T05:06:35Z,@Junemondal13,1
M to bahut happy hu mere apne city pune m apple store opening ho raha h ğŸ˜…ğŸ˜…ğŸ˜ŠğŸ˜Šâ¤â¤â¤â¤â¤,"['Apple Store walon ko Marathi seekhni padegi phirğŸ˜¢ğŸ˜‚ğŸ˜…', '@@pradiptakishordas6999three languages combined, no problem,ğŸ˜Š']",2025-08-28T05:08:42Z,@RajendraSingh-es7si,0
M kyu dekhra hu mere pas to s25 ultra h ğŸ«£ğŸ¤£ğŸ¤£,[],2025-08-28T14:53:42Z,@a.a.d.i.l,0
"à¤¸à¤° à¤œà¥€ à¤®à¥ˆà¤‚ 3 à¤¸à¤¾à¤²à¥‹à¤‚ à¤¸à¥‡ à¤¦à¥‡à¤– à¤°à¤¹à¤¾ à¤¹à¥‚à¤‚ 
à¤†à¤ª à¤‡à¤¤à¤¨à¤¾ à¤«à¥‹à¤¨ à¤–à¤°à¥€à¤¦ à¤¤à¥‡ à¤¹à¥‹
 à¤†à¤ª à¤à¤• à¤…à¤šà¥à¤›à¤¾ à¤¸à¤¾ à¤«à¥‹à¤¨ à¤¹à¤®à¥‡ à¤­à¥€ à¤¦à¥‡à¤¦à¥‹",[],2025-08-27T18:35:25Z,@rinkunirmal1,1
Bada hai video 2x me chala lenge ğŸ˜…ğŸ˜…,[],2025-08-28T01:05:58Z,@English_story7777,0
Google Mobile banane me Apple ki Copy karta he Apple jesa hi Banata he dikhne me Made in Chaina Google.ğŸ˜‚ğŸ˜‚ğŸ˜‚ğŸ˜‚,[],2025-08-28T04:10:40Z,@GAUTAMCHAUDHARY70,0
Pixels donâ€™t deserve flagship pricing. Especially in India. What is google smoking?,[],2025-08-27T19:13:50Z,@anand.chaudhari,0
Watching from Bangladesh ğŸ‡§ğŸ‡© â¤,[],2025-08-27T18:23:31Z,@Gaming_with_Fahim.,0
Mera pass tho 8 saal pura phone use kar ra hu ğŸ˜…,[],2025-08-28T05:36:10Z,@NikhilSahani-g3f,0
Muje to trakin Teach ka certificate mil na chahiye 2 years se video dekh raha hu,[],2025-08-28T12:03:13Z,@ronak9093,0
"Vai giveaway kardo na vai bohot dinse nei hui isi moke hum sab genuine subscriber ka vi thoda maja hojayega or apko vi thodi bohot new subs ajaegi phone nei to Headphones hi kardo koi ..

ğŸ˜Š",[],2025-08-28T17:03:04Z,@redhollff1870,0
Finally ğŸ˜¢ğŸ‰,[],2025-08-28T04:23:20Z,@msrganesh9833,0
Drop test na kiya karo aap aaj tak phone tuta to hai nahi sasta ho ya mahanga ğŸ˜‚,[],2025-08-27T18:17:35Z,@rajatkashyap4,0
Fantastic phones â¤,[],2025-08-27T17:23:43Z,@priyanshudubey3139,1
kitne logo ko apple se Google me jane ka dil kar raha hai,[],2025-08-27T18:58:31Z,@surendraraj150,0
Waiting for base and pro variant review! ğŸ¤©ğŸ¤©,[],2025-08-27T18:41:41Z,@dhyanshah2347,0
Very nice phone â¤â¤,[],2025-08-27T17:20:19Z,@manish.badgujar_,1
Much awaited video,[],2025-08-27T18:40:59Z,@poojashedge1134,0
Even camera brand  Canon bhi apna mobile phone lane wala hai ğŸ¤©,[],2025-08-27T18:14:06Z,@Srijith_09,0
"Price dekh ke band kr raha hoon ğŸ˜‚
Bahaut sasta Hain ğŸ˜‚",[],2025-08-28T07:18:43Z,@APEXPREDATOR5557,0
Koi bewkoof hi hoga jo pixel ke phone lega itni price pe ğŸ˜€ğŸ˜€ğŸ˜€ğŸ˜€,[],2025-08-28T15:23:58Z,@Vijay_rathva,0
"OnePlus 13 or Google pixel 10 pro 
Which one you will suggest in terms of performance and camera....",[],2025-08-27T18:49:21Z,@swapnilpatel8004,1
Sir mai apka bhaut bada fan hu,[],2025-08-27T18:05:02Z,@RohitPrajapati-uh7kj,0
Kon kon chahata hai pixel 10 pro ka full review ho,[],2025-08-28T03:30:36Z,@Entertainmentfun2048,0
So I want to buy pixel now should I wait for time or buy it now ?? And also which one should I buy 9 or 10 ??ğŸ˜Š,[],2025-08-27T19:30:46Z,@tonybabu420,0
Legends watching on redmi note 5 ğŸ’€,[],2025-08-28T07:29:34Z,@kamleshjangid9092,0
Samsung Galaxy s25 Ultra à¤•à¥‡ à¤œà¥‡à¤¸à¤¾ à¤•à¥à¤› à¤­à¥€ à¤¨à¤¹à¥€à¤‚ à¤¹à¥ˆ,[],2025-08-29T14:47:31Z,@pkvloge,1
BHAI VIVO T4 PRO KA UNBOXING KARNA BHUL GYE KYA â¤,[],2025-08-27T17:50:41Z,@Eagle108FF,0
"just wait for 6 months, pixel 10 will be available at 45k.",[],2025-08-27T17:37:06Z,@arvindynr,0
I want to see an Indian technical youtuber to reach like MKBHD level....,[],2025-08-28T23:12:31Z,@vishalsrivastava4293,0
I would like to inquire: Does Linux function on a Snapdragon X Elite laptop???????ğŸ™ğŸ™ğŸ™ğŸ™ğŸ™ğŸ™,[],2025-08-28T15:16:25Z,@sachin.24.19y,1
"Ye sab already s25 ultra mai hai... What is the difference between pixel and Samsung flagship? Not even software is a concern now,  infact Samsung is better in many ways... correct me if I am wrong",[],2025-08-27T19:44:59Z,@deluxalpher8436,1
à¤•à¥‰à¤°à¥à¤¨à¤° à¤¸à¤¾à¤‡à¤¡ à¤¸à¥‡ à¤¨à¤¹à¥€à¤‚ à¤—à¤¿à¤°à¤¾à¤¯à¤¾,[],2025-08-28T14:39:13Z,@Ravi_Suthar_007,1
I think majority people will go for the base variant which is affordable. So i need a complete video on Google Pixel 10  and compare with Iphone 16 for video comparison.,[],2025-08-29T11:04:16Z,@thedailydose143_24,1
Finally the best pixel series after pixel 6 series,[],2025-08-27T18:33:16Z,@madcap9977,0
Nice Video Sir for Google Pixel 10 series,[],2025-08-28T11:46:11Z,@roshanpardeshi9985,0
4/5 saal purana 4g users ğŸ™‹â€â™‚ï¸,[],2025-08-28T06:53:58Z,@subhajitsaha2535,0
ğŸš€ğŸš€ğŸš€,[],2025-08-28T05:14:41Z,@yedukrishna6603,1
Bhai bohot tarif kar li yar aadhe se jyada to 10 hajar wale fon bhi dete hai,[],2025-08-28T16:06:19Z,@aakashlifeisbeautifulwithf711,0
12.34   à¤–à¥‚à¤ª à¤¸à¥à¤‚à¤¦à¤° decoration à¤•à¥‡à¤²à¤‚ à¤†à¤¹à¥‡ ğŸ˜ŠğŸ˜ŠğŸ˜ŠğŸ˜Š,[],2025-08-28T06:37:40Z,@hellogemar422,0
Watching from pixel 3ğŸ˜Š,[],2025-08-28T07:49:50Z,@rajusarkar2919,0
I think price thoda jada hai thoda kam kara ja sakta tha ....koi bath nehi 7 months bad 30-40% price drop ho jayega ğŸ˜‚ğŸ˜‚ğŸ˜‚,[],2025-08-27T20:55:58Z,@rakula88i44,0
"10:42 actual size of the pixel is not measured in megapixels but in microns, and Google knows this very well. 

Ek baat toh hai, 99% jo yeh video dekh rahe hai, sirf mobiles ke deewane hai, aur nahi kharidenge ğŸ˜… hum sab ambani, adani thodi na hai ğŸ˜‚",[],2025-08-28T02:16:08Z,@radhika1711,0
I was expecting 2.5 million antutu.... It's not for meğŸ˜¢,[],2025-08-27T17:32:05Z,@HTunbox69,0
ğŸ˜‚ğŸ˜‚ğŸ˜‚ antu score,[],2025-08-27T17:57:32Z,@nayansaikia9553,0
50% terrif ke vajah se itni prise High ho gayi hai kyağŸ˜‚ğŸ˜‚ğŸ˜‚ğŸ˜‚ğŸ˜‚,[],2025-08-29T04:22:23Z,@amysay3457,0
mera 6 Saal purana phone haiğŸ˜…ğŸ˜…ğŸ˜…,[],2025-08-28T06:52:14Z,@shareyaransari6351,0
"Redmi Note 8 Pro.. ajtak makkhan ki trha chal rha he, so no need to upgrade â¤",[],2025-08-31T08:50:35Z,@SunilDashVlogss,0
I am using pixel 6a wow ğŸ˜²ğŸ˜²ğŸ˜²ğŸ˜²â¤â¤â¤kya phone h yaar,[],2025-08-28T03:10:25Z,@GOUTAMKUMAR-pv4mr,2
"Aisehi videos dekhke maine pixel6a liya tha, aur bura phas gayağŸ˜¢",[],2025-08-28T17:12:38Z,@shekhar1980in,0
Vivo T4 pro 5g phone ka review under 25000 â¤because I want to buy it â¤ sir,[],2025-08-28T11:45:11Z,@anandkr737,1
Bas dekh rha hu lunga nahiğŸ˜‚,[],2025-08-30T06:59:09Z,@invisible.x,0
"trakin bhai , video jittery lag raha hai na",[],2025-08-28T17:50:21Z,@YEOLE108,0
Kon kon garib hai aur dream11 mein team banate haiğŸ˜Š,[],2025-08-27T18:01:42Z,@Infected-011,0
After unboxing what did you do with this phone give it to me i will buyğŸ˜¢ğŸ’”ğŸ’”,[],2025-08-30T19:20:19Z,@Isakeditz,0
Jaldi jaldi comment kar deha hoon like milegaâ¤â¤ğŸ˜…,[],2025-08-27T17:22:48Z,@RahulRay-r5n5p,0
Aap konsa mobile pakadte ho sirğŸ˜®,[],2025-08-27T17:44:58Z,@ShortwithS,0
"100% flop hoga yeh phone due to their pricing 
Itni cost ma i prefer to go with Samsung and apple...",[],2025-08-28T08:52:46Z,@vegetasupersaiyan132,1
"Iâ€™ve been using the Google Pixel 9 for 1 year, and believe me, if you remove the Google name, thereâ€™s nothing special in this phone that justifies spending 80kâ€“90k.
You can buy other brand with lots of amazing future",[],2025-08-27T18:51:30Z,@asifzaidi1,0
Pixel 10 ka review â¤,[],2025-08-27T23:37:03Z,@NCrenk2,0
Aapne Vivo T4 pro Ka video kyu nhi banaya....ğŸ¤”?,[],2025-08-27T17:49:00Z,@ride_vibes01,0
Ao basically 10 or 10 pro mein itna ziada difference nae hy so i feel 10 wil b a better deal â¤,[],2025-08-28T16:39:04Z,@zaidalbalooshi3724,0
Pro xl ki price me toh Burgman aa jayegiğŸ¥´,[],2025-08-27T19:23:45Z,@Nazim786,0
Pixel faâ¤â¤,[],2025-08-27T17:19:38Z,@Aman-ye4cv,1
iPhone to gaya abbğŸ˜…,[],2025-08-27T20:05:30Z,@abhish3kkk_,0
Realme p4 ka video kb leke aaoge sahab,[],2025-08-27T18:50:35Z,@shreeramkumar7979,0
"This portrait photo is taken with a telephoto lens ğŸ¤§ğŸ¤®, a phone worth thirty thousand takes better photos than thisğŸ˜…",[],2025-08-27T18:49:55Z,@mrinalsamanta1999,0
Pixel 4a mobile hum chalate hain jitna axa mobile hai kya bataun love â¤ï¸ google display camera sab cheez itni acchi hai ne love ho jayega...,[],2025-08-27T17:43:19Z,@shadabfaisal1757,2
7 à¤¸à¤¾à¤² à¤•à¥‡ à¤…à¤ªà¤¡à¥‡à¤Ÿà¥¤à¥¤à¤ à¥€à¤• à¤¹à¥ˆà¥¤à¥¤à¤¸à¤®à¤ à¤—à¤¯à¤¾à¥¤à¥¤à¥¤à¤²à¥‡à¤•à¤¿à¤¨ à¤ªà¥à¤°à¥‹à¤¸à¥‡à¤¸à¤° à¤¤à¥‹ à¤ªà¤¿à¤›à¤²à¥‡ à¤¸à¤¾à¤² à¤²à¥‰à¤¨à¥à¤š à¤¹à¥à¤ 25 à¤¹à¤œà¤¾à¤° à¤•à¥‡ à¤«à¥‹à¤¨ à¤µà¤¾à¤²à¤¾ à¤¹à¥ˆğŸ˜‚ğŸ˜‚ğŸ˜‚ğŸ˜‚à¥¤à¥¤à¥¤à¥¤ à¤“ à¤¤à¥‹ à¤…à¤—à¤²à¥‡ à¤¸à¤¾à¤² à¤ªà¥‚à¤°à¥€ à¤¤à¤°à¥€à¤•à¥‡ à¤¸à¥‡ à¤¹à¤— à¤¦à¥‡à¤—à¤¾à¥¤à¥¤à¥¤ğŸ˜‚ğŸ˜‚ğŸ˜‚,['Pixel phones are ğŸ’©ğŸ’©ğŸ’©ğŸ’©'],2025-08-28T07:03:38Z,@imahunter1174,0
Is this worth purchasing?,[],2025-08-27T17:19:25Z,@UmarMemon-zi2rx,0
Not worth it for sure!,[],2025-08-28T05:04:10Z,@zynertech,2
Pixel popular hai pher bhi mujhe rare of rare dikhai deta hai pixel phones logo ke paas,[],2025-08-31T15:07:55Z,@HS_22317,0
3nm chip hai phir bhi itna Kam antutu score ğŸ¤¡ğŸ¤¡,[],2025-08-28T15:16:05Z,@rinkuchaudhary9898,0
"I'm a Google pixel user and fan... My first pixel phone was a Pixel 6A, thereafter, I upgraded to Pixel 8 Pro and I'm still using it.. but now I'm planning to upgrade to the Pixel 10 pro.

Arun Sir, if possible please give review all three of them... ğŸ™ğŸ™ğŸ™",['Hows Tensor processors compared to snapdragon & mediatek'],2025-08-27T17:51:43Z,@HarishTok,0
Samsung ke jatke dene ke baad sabb apna apna lete aaten hain wait for s26 ultra ğŸ˜‚,[],2025-08-31T06:10:27Z,@hsebyyash,0
Sir Pixel 10 pro ka review karna â¤,[],2025-08-28T02:09:46Z,@Phinos82,0
Apple intelligence crying in the corner,[],2025-08-27T20:18:57Z,@shubhambagh6699,0
"""NOTHING PHONE 3"" ka design to isse jeyada acca haiğŸ˜‚ğŸ˜‚ğŸ¤£ğŸ¤£",[],2025-08-28T08:32:32Z,@Monster-x5t,1
00:01 ğŸ•ºğŸ•º,[],2025-08-28T03:48:00Z,@know_the_knowledgee,0
Bhai 10 Maale Se Drop Test Kiya Karo Tab Durability Ke Baare Me Pata ChalegağŸ™‚,[],2025-08-30T15:00:54Z,@shankarnanikshahi8438,0
Sab sahi hai! Lekin yeh menu upar karenge to woh white background aajata hai! Yehi toh purane zamane ka lagta hai! Kab update karega yeh google ğŸ˜¢,[],2025-08-29T18:15:25Z,@shahinashaikh1113,0
Still using the Pixel 3..But watching videos of Pixel 10,[],2025-08-27T20:06:25Z,@abhish3kkk_,0
Vivo t4 pro ka review sb ne kar diya app hi reh gye go,[],2025-08-27T17:15:49Z,@anitoonmg9155,2
à¤…à¤¸à¤²à¥€ à¤¹à¤¿à¤‚à¤¦à¥à¤¸à¥à¤¤à¤¾à¤¨à¥€ à¤¹à¥‹à¤µà¥‡ à¤¤à¥‹ à¤…à¤®à¥‡à¤°à¤¿à¤•à¤¨ à¤®à¥‹à¤¬à¤¾à¤‡à¤² à¤¨à¤¹à¥€à¤‚ à¤–à¤°à¥€à¤¦à¥‡à¤‚à¤—à¥‡ à¤‡à¤‚à¤¡à¤¿à¤¯à¤¾à¤•à¥‡ à¤²à¥‹à¤—ğŸ‰ğŸ‰ğŸ‰ğŸ‰ğŸ‘ğŸ‘ğŸ‘,[],2025-08-27T19:23:01Z,@sanjulifestyle4207,0
"Pixel makes such good phones with Top Camera and Software experience. But what is this obsession of Tensor chipset ? If Pixel starts coming with Snapdragon Elite chips , it can capture the market. Samsung has learnt the hard lesson and their S25 sales numbers prove it",[],2025-08-29T03:56:45Z,@souravbanerjee5796,0
5 saal purana phone use kar rahi huğŸ˜¢,[],2025-08-31T14:44:51Z,@ShobitaBhabhiji,0
Bohot accha hai bas aukaat se bahar hai ğŸ˜‚,[],2025-08-27T17:51:18Z,@uk6959,0
Jio phone mein video dekh raha hoo,[],2025-08-27T19:27:28Z,@biswaranjanmohapatra9438,0
"15k cha mobile la camera bumb ala, battery kami mah ale tar khodu khodu sagtata. Ani 1.5 lakh cha mobile ne camera bhump ala, battery kami ale tar chalta nahi ka ğŸ˜‚",[],2025-08-27T17:35:59Z,@amitjadhav7479,0
Waiting for delivery ğŸ˜Š,[],2025-08-27T23:05:05Z,@gurmindersingh5670,0
OhoooğŸ˜‚ğŸ˜‚,[],2025-09-07T01:46:53Z,@JavedSheikh-xn8hm,0
Pixel 10 pro mein sterio speaker nehi hai ğŸ˜‚ğŸ˜‚,[],2025-08-28T20:05:08Z,@Sudiptodebnath-t8b,0
Sabhi ka special video chahiye,[],2025-08-27T18:04:24Z,@roshanwalke6154,0
Tsmc ke sath Collab Karne Baad bhi ye possessor ğŸ¤¦ğŸ¤¦,[],2025-08-28T18:23:26Z,@ashiqurononto1501,0
"ğŸ“¸ Pixel 9 vs Pixel 10 Cameras â€” quick breakdown ğŸ‘‡

âœ… Pixel 9:
2 strong flagship lenses (main + ultrawide)
Balanced, consistent, reliable
Every shot feels premium

âš ï¸ Pixel 10:
Adds a telephoto (5Ã—)
But main & ultrawide are downgraded
Telephoto is basic: small sensor, struggles in low light
ğŸ‘‰ Pixel 9 = Quality
ğŸ‘‰ Pixel 10 = Quantity, but not true flagship quality",[],2025-08-30T02:38:39Z,@karanwadhwa3542,0
Purchased pixel 7 pro this yearğŸ˜…ğŸ˜…,[],2025-08-31T14:21:53Z,@gokularora965,0
Koi khane khate waqt dekh raha h kya,[],2025-08-28T07:27:41Z,@ManishJaiswal-c9x,0
Pixel 10 vs 10 proâ¤â¤,[],2025-08-27T18:32:50Z,@clanexpendable948,0
awesome.. please make video on pixel 10 pro xl,[],2025-08-27T20:28:57Z,@HemantB11,0
"15:32 Pixel 10 is useless.
Buying 10 pro makes sense for long time use. But price is exorbitant.
Google drive photos, Pro selfies look excellent in details, thanks to 42 mp pixel binning. But still the Edge detection in Portraits is weak, phone is easily eating out ears. Shame on Google.
But rest of things like Exposure Excellent, WB contrast looks rich.
Please compare cameras with Vivo X200 Pro. Let's see can google beat vivo. I think Vivo will win. But let's keep fingers crossed ğŸ¤ğŸ‰ 15:32",[],2025-08-28T02:07:21Z,@oamyway975,0
Please sir is phone ka vs jarur kijiye ga aap ko love sirâ¤,[],2025-08-29T10:54:23Z,@NIRAJKUMAR-w9p6j,0
"3 phone mein battery kitne mah ka haay bataya nehi ? 
What about battery backup arun bhai ğŸ˜Š",[],2025-08-27T20:52:14Z,@suvonodi,0
11 lakh antutu score to 20 hazar wala mobile de deta hai,['Yes bro ğŸ˜‚'],2025-08-27T22:04:12Z,@rebilforsure7174,2
Hum sirf apke views barane ate hain....garib hoon bhi...aukat ke baharğŸ˜‚,[],2025-08-27T18:07:17Z,@PRIYOSENTERTAINMENT137ARGHYA,0
Pixel 10 pro ka long term review laawo please ğŸ‰ğŸ‰â¤â¤,[],2025-08-28T15:52:06Z,@InformationSharingm3,0
Realme p4 pro 5g mobile lena chahie ya nahin reply me ğŸ˜¢ğŸ˜¢ğŸ˜¢,['Nahi'],2025-08-28T03:17:46Z,@Bagasramoharam,1
"Iphone à¤•à¥‡ à¤²à¤¿à¤¯à¥‡ à¤à¤• à¤•à¤¿à¤¡à¤¨à¥€ à¤¬à¥‡à¤š à¤¦à¥€.
à¤«à¤¿à¤° samsung à¤•à¥‡ à¤²à¤¿à¤¯à¥‡ à¤¦à¥à¤¸à¤°à¥€ à¤•à¤¿à¤¡à¤¨à¥€ à¤¬à¥‡à¤š à¤¦à¥€.
à¤…à¤¬ Google à¤«à¥‹à¤¨ à¤•à¥‡ à¤²à¤¿à¤¯à¥‡ à¤«à¥‡à¤«à¤¡à¤¾ à¤¬à¥‡à¤šà¤¨à¤¾ à¤ªà¤¡à¥‡à¤—à¤¾ .ğŸ˜¢",[],2025-08-27T18:36:52Z,@RashikaJha-d6p,0
13:39 ye feature to s10 plus mein bhi aata tha one UI 1.5 mein. Pixel mein ab aaya hai?,[],2025-08-28T04:26:40Z,@shaktis6877,0
Still using pixel 7 pro â¤,[],2025-08-28T05:56:24Z,@KaranTamang-r3q,0
I am watching in pixel 8a ğŸ˜Š,[],2025-08-28T05:28:40Z,@RockMixingChandanG,0
Atleast 20M score hona chahiye tha?,['Not 20 million 2 million'],2025-08-27T18:52:22Z,@rezerxyt4924,1
Side k bazzel thode mote nhi h kya ...,[],2025-08-28T03:49:59Z,@luckykohli2672,2
15:55 x 200 pro like naam hi kafi h,[],2025-08-27T17:39:52Z,@Nadeemahmed-l8e,0
"Sir apko collaboration me videos nhi banana chahiye, ye aapki authenticity ko down krta hai
Because collaboration me thodi bahut biasness aa jati hai 
Hopefully aap smj gye honge",[],2025-08-27T19:21:28Z,@SiddharthNagar-y1v,0
Realme P3 ULTRA  gang like karoâ¤,[],2025-08-28T03:49:19Z,@Whyyy_abbu,0
Update 22 nahi yrr 32 kehna tha ğŸ˜ŠğŸ‘,[],2025-08-29T14:35:29Z,@Aby.Abhishek,0
ğŸ˜¢ itna mehenga hua pixel,[],2025-08-27T17:15:24Z,@abilashmann81,0
Pretty cool,[],2025-08-28T02:55:12Z,@storywala88,0
Dream phone that can never come true,[],2025-08-27T17:37:35Z,@prakashtech935,0
ğŸ‘ŒğŸ‘ŒğŸ‘ğŸ‘ğŸ‘ğŸ‘ğŸ’¯ğŸ’¯,[],2025-08-28T02:33:02Z,@sadikali2259,0
"Once you buy a proper flagship, it actually gives you bang for your money and it lasts seamlessly for 6 to 7 years.
Using s23 ultra since 3 years and its as smooth as day 1",[],2025-08-28T05:12:30Z,@rishabhrajkanodia,0
Vivo t4 pro ka unboxing video nhi aya abhi tak ğŸ˜¢,[],2025-08-27T18:38:20Z,@iamanuj17,0
"Display -ğŸ˜
Look ğŸ‘€-ğŸ˜Š
Processor -ğŸ™‚
OS-ğŸ¥³
Camera -â˜ºï¸
Price- ğŸ¤¯",[],2025-08-28T01:33:31Z,@debadattabarik984,0
Mai to aaj lene wala hoon,[],2025-08-29T04:43:10Z,@VikashKumar-z8m9r,0
Mere pass samsung j1 hai 2015 m liya tha aaj bhi acha chal rha h,[],2025-08-27T18:02:02Z,@uppsc1947,2
â¤â¤â¤â¤â¤â¤,[],2025-08-27T17:26:44Z,@bohthekborok263,0
Finally ğŸ‰,[],2025-08-28T03:03:19Z,@xtreamgaming511,0
Good ğŸ‡³ğŸ‡µğŸ‡³ğŸ‡µğŸ‡³ğŸ‡µ,[],2025-08-28T10:11:04Z,@samarshrestha7934,1
No pixel phone is value for money... Am ready to debate,[],2025-08-27T18:02:59Z,@arpandas6425,0
"à¤‡à¤¸à¤¸à¥‡ à¤•à¤¹à¥€à¤‚ à¤œà¤¼à¥à¤¯à¤¾à¤¦à¤¾ à¤…à¤šà¥à¤›à¥‡ Samsung, Vivo, Oppo, Realme à¤œà¥ˆà¤¸à¥€ à¤•à¤‚à¤ªà¤¨à¤¿à¤¯à¥‹à¤‚ à¤•à¥‡ à¤«à¤¼à¥‹à¤¨ à¤¹à¥ˆà¤‚à¥¤ à¤œà¥‹ 30-35 à¤¹à¤œà¤¼à¤¾à¤° à¤•à¥‡ à¤­à¥€à¤¤à¤° à¤®à¤¿à¤² à¤œà¤¾à¤¤à¥‡ à¤¹à¥ˆà¤‚à¥¤ à¤‡à¤¨à¤®à¥‡à¤‚ à¤¬à¤¹à¥à¤¤ à¤œà¤¼à¥à¤¯à¤¾à¤¦à¤¾ à¤«à¥€à¤šà¤°à¥à¤¸ à¤­à¥€ à¤¹à¥‹à¤¤à¥‡ à¤¹à¥ˆà¤‚à¥¤""",[],2025-08-28T17:57:17Z,@gopalsarkar8041,0
Pixel Pro XL ka jo design Hai global award mil chuka hai usko Kitna tagada design hai,[],2025-08-27T17:53:06Z,@shadabfaisal1757,1
"Good acting while drop test. Flat drop me koi phone ko kuch nhi hota , vertical drop test kark dikhaya karo dum hai toh aur genuine ho tohğŸ¥²",[],2025-08-27T20:45:05Z,@wasifmomin1551,0
"sd 8 gen 2 have 1.5mn+ antutu score ,which is literally 2 generation back of snapdragon,and now this google is giving the same score,why? I dont know why google phones are not powerful....",[],2025-08-28T11:40:04Z,@leocore3076,1
Chat assistant nahi hai tho phone bekar hai... Chat assistant must,[],2025-08-28T03:26:46Z,@Indiafgghh,0
Mai 12 sal purana phone se dekh ra hu,[],2025-08-27T22:42:16Z,@SubashGole-b2n,0
Bus 10 only chahi9ğŸ˜Šâ¤â¤â¤,[],2025-08-28T16:07:24Z,@waheed7997,0
Google pixel 10 pro ğŸ˜,[],2025-08-27T18:03:20Z,@adityaanurag2604,0
The only downside is no 512 gb variant,[],2025-08-28T15:12:18Z,@darkhorse2584,1
"I really love the design, but the Tensor G5 chipset is a DEAL BREAKERRRRRRRğŸ˜¢",[],2025-08-28T07:27:10Z,@EternalRainOfLight,0
Mai ğŸ˜‚,[],2025-08-28T13:06:45Z,@PrabhavatiYadav-w8f,0
à¤­à¤¾à¤Š à¤¤à¥à¤®à¤šà¥à¤¯à¤¾ à¤Ÿà¥‡à¤¬à¤²à¤šà¤¾ à¤•à¤²à¤° à¤œà¥‡ à¤œà¥à¤¨à¤¾ à¤¹à¥‹à¤¤à¤¾ à¤¤à¥‡à¤š à¤ à¥‡à¤µà¤¾ à¤•à¤¾à¤°à¤£ à¤•à¥€ à¤¡à¥à¤°à¥‰à¤ª à¤Ÿà¥‡à¤¸à¥à¤Ÿ à¤•à¤°à¤¤à¤¾à¤¨à¤¾ à¤•à¤³à¤¤à¥‡ à¤†à¤¤à¤¾ à¤•à¤³à¤¤ à¤¨à¤¾à¤¹à¥€ ğŸ¤”,[],2025-08-27T17:56:39Z,@kunalgaikwad328,0
Will wait for a Comparison video between Pixel 10 Pro XL and S25 Ultra.,[],2025-08-27T17:21:44Z,@joyjeetpaul2218,0
"Google Pixel phones are good, but Google should expand service centers so customers donâ€™t have to wait 1â€“2 weeks for repairs.",[],2025-08-28T04:01:14Z,@prasadchavan7995,0
Iphone x please gift me ğŸ˜¢,[],2025-08-27T17:22:09Z,@ShoaibKhan-yt5,1
Pixel and lava agni 4 same look â¤ğŸ‰ğŸ˜…,[],2025-08-28T18:04:56Z,@Sannoo10,0
Full review of pixel 10 please â¤â¤â¤â¤â¤â¤,[],2025-08-28T00:31:15Z,@luckyraj3624,0
Sir Vivo t4 pro ka unboxing video kab aayega,[],2025-08-28T03:51:30Z,@farhanbhai9417,0
Dear kbi 6.7 inches ka mob mat lein ye sub trend purana hone ja rha hy qk jabse OnePlus 13S aur Vivo X200 FE launch hue hain inka size small hone k bawajood heavy large battery or heavy charging speed b hy or strong network signals b jo kisi b mob me subse bray 3 factors hote hain warna pehle sabi mob inhi 3 cheezo ki vja se flop hue hain.,[],2025-08-27T18:57:55Z,@AnmoL4EveryOne,0
Bhaiya vivo t4 pro review,[],2025-08-27T17:16:48Z,@Tamilanedits360official,1
Got my pixel 10 just today,[],2025-08-27T19:10:09Z,@chessopediaacademy1159,1
"Excuse me sir!
Vivo T4 Pro ka video kab aayega?",[],2025-08-29T08:21:34Z,@mohitkumardey1712,0
Bhai itna performance pixel de is price me to thik....nothing de to overpriced?....btw 30-50k wale phones hi bestğŸ˜‚,[],2025-08-28T10:40:09Z,@jayu92513,0
"do a comparsion with apple and pixel 10 , pleaseğŸ™",[],2025-08-27T19:16:36Z,@swayambrahmbhatt6969,1
13:52 why the hell the left clip looks like AI????,[],2025-08-27T18:30:46Z,@ArnavHadole,0
Should I prefer this or i phone 16 pro ?,[],2025-08-27T18:12:30Z,@devanshchaurasia4381,0
Reality à¤¬à¤¤à¤¾à¤“ ğŸ˜…,[],2025-08-28T08:31:31Z,@THEYADAV2035,0
U reviewers don't talk about features like UltraHDR in photos and HDR in video when using camera is there in Pixel 10. It's not there in Pixel 9A.,[],2025-08-27T17:15:36Z,@roguegaming6001,1
"Basically, they use the 3X sensor for the portrait because the human shorts are better compatible with 3X zoom",[],2025-08-28T10:20:05Z,@surendrajagtap5515,0
Processor ğŸ¤¡,[],2025-08-27T23:59:09Z,@premprabhat3498,1
Definitely better than Iphone 17 series,[],2025-08-29T06:58:06Z,@ankitroy2196,0
Kon kon meri tarah samsung galaxy s25 pe dekh raha hai....lol ğŸ˜‚,['@@tanmoysen4858 main'],2025-08-28T14:08:59Z,@tanmoysen4858,0
"Sir tumchyakade evdhe sare mobile ahet ekhada mala dya ki sir.second hand dya ,navin naka deuu sir.",[],2025-08-28T02:22:41Z,@Rahulsalve-rp4sw,0
Looks and ui may be good but vivo  specs and cameras and battery with fast charging is way better then any other available in market,[],2025-08-28T17:56:43Z,@mrworldwide_bk,0
Google copy apple ğŸ,[],2025-08-27T19:00:04Z,@imgc2,0
Most detailed review,[],2025-08-31T14:54:37Z,@JavedAli-it2jz,0
"Sir giveaway needed â¤ , love from Maharashtra",[],2025-08-28T02:34:38Z,@hiteshambatkar55,0
Kon instagram chodker aaya hağŸ˜‚ğŸ˜‚,[],2025-08-27T17:18:47Z,@lalithans1971,0
Sir please vivo t4 pro ka video  le kar aao â¤,[],2025-08-28T03:11:23Z,@zx_rohiiitttt,0
â¤â¤,[],2025-08-28T06:37:35Z,@chustabhaat,0
â¤â¤,[],2025-08-28T06:25:04Z,@AasifKhan-vg3ez,0
â¤â¤,[],2025-08-27T17:28:20Z,@DineshThapa-r3h6r,0
â¤â¤,[],2025-09-02T04:43:15Z,@PratikPatel-v7r,0
à¤«à¥‡à¤•à¤¤à¤¾ à¤­à¥€ à¤¹à¥ˆ à¤”à¤° à¤šà¥Œà¤•à¤¤à¤¾ à¤­à¥€ à¤¹à¥ˆ ğŸ˜‚,[],2025-08-28T14:59:34Z,@dss318,0
Previous models mein kuch discount aaya?,[],2025-08-29T07:01:19Z,@ishanawasthi5777,0
"à¤‡à¤¸à¤®à¥‡à¤‚ à¤¸à¤¿à¤°à¥à¤« fhd+ à¤¡à¤¿à¤¸à¥à¤ªà¥à¤²à¥‡ à¤¹à¥ˆ
Ir blaster bhi nahi hai
Single speaker ğŸ”Š hai
Dolby vision bhi nahi hai 

ğŸ¥´ğŸ¥´ğŸ¥´",[],2025-08-27T23:33:05Z,@dilkhushmeena329,0
Using 7 years old phone â˜ ï¸,[],2025-08-28T04:47:45Z,@mrstripper526,0
Pixel 9 le ya 10 le,[],2025-08-27T18:20:48Z,@mdzeeshanmaniyar4041,0
Is the iphone 16pro mx better or is it google pixel 10?,[],2025-08-28T02:05:28Z,@Samarpanonline70,0
Watching it on 4g phone ğŸ˜¢redmi note 9 pro,[],2025-08-28T05:14:48Z,@viveknalawade7825,0
Bhaiya Vivo t4 pro ka review karo,[],2025-08-28T05:05:37Z,@AdityaMinz-gz1jo,1
Iss baar lg rha hai lene lyk pr jb jb price km ho jye yrr kmse km 8 gen 3 daal dete naam change krke to aur badhiya rehta,[],2025-08-27T18:00:59Z,@RAOSAHABGAMING-ht9vn,0
Mere pass toh vivo v20 hai ğŸ¥²ğŸ¥²ğŸ¥²ğŸ¥²,[],2025-08-28T12:37:20Z,@funnwitheducation1978,0
Samsung S 26 Pro is rumour to have better specs at a compact size. Should I wait for that or should I buy the pixel 10 Pro?,[],2025-08-27T21:39:54Z,@chill_life_246,0
"Expecting a detailed review on Pro model.

What do you think, is this worthy for 1 lakh investment?",[],2025-08-28T02:15:08Z,@nostalgistrider,0
Nord 5 se comparison hoga kya ğŸ˜…,[],2025-08-28T14:22:30Z,@rajudaheriya351,0
Bro one plus 13 pro KB thak ayega and uska futures batha saktha hai kya,[],2025-08-29T20:05:09Z,@rajeshkhanna4510,0
pixel 10 pro reviw love and ğŸ‡§ğŸ‡©ğŸ‡§ğŸ‡©ğŸ‡§ğŸ‡©ğŸ‡§ğŸ‡©ğŸ‡§ğŸ‡©ğŸ‡§ğŸ‡©ğŸ‡§ğŸ‡©,[],2025-08-28T03:14:40Z,@REVAN-OFFICIAL-H1x_Team,1
Pixel a series should come under 30-35K,[],2025-08-31T15:07:24Z,@HS_22317,0
0:54 suggest me a job I am now very hopeless after spending so much on education,[],2025-08-27T17:32:07Z,@UNEMPLOYEDHu,0
7:49 2032ğŸ˜…,[],2025-08-29T03:07:21Z,@ChanduWorldWide,0
Aap log drop test floor pe kyu nai karte ? Table pe drop test karne ka kya fayda ? Reality me toh humara phone zameen pe hi girta hai !!!,[],2025-08-28T07:06:38Z,@bunty3929,0
"Too bad processor for such a premium price.
Not for gamers, not for camera geeks , not big battery.
Overall it's useless on this price tag",[],2025-08-30T15:05:01Z,@saintlyepic,1
â¤ğŸ‰,[],2025-08-27T18:19:41Z,@ArifHossain-tm2hi,0
Watching on my pixel 7ğŸ‰,[],2025-08-27T20:16:43Z,@bilalhaider5118,0
Kaun kaun iQOO Neo 10R use kar raha hai....â¤,[],2025-08-27T17:59:23Z,@vishalshindevlog9778,0
"interested in pixel 10, at 69999, with hdfc credit card, its amazing",[],2025-08-28T06:26:34Z,@operater6608,0
Vdo 60fps par rakha karo animations achhese pata chala hein,[],2025-08-28T05:38:25Z,@Dhruba_7789gw,0
Mujhe to 10 57k me he milrha hai ğŸ˜‚,[],2025-08-28T14:59:58Z,@khuzaimawastanvi6560,0
Pro vs pro xl comparison ğŸ™ğŸ˜Š,[],2025-08-28T07:23:12Z,@FactNight,0
Abe t4pro ka unboxing kb kfoge,[],2025-08-28T15:06:15Z,@hritikkumar2619,0
I think it can't beat oneplus 13,[],2025-08-27T18:16:43Z,@therockyswami,0
mera mobile per green line a GayağŸ˜¢. mere ko ek give kar dijiye sirâ¤.,[],2025-08-28T06:53:21Z,@hasiblayek602,0
iPhone still value for money,[],2025-08-27T17:32:12Z,@boldAlphaLion,1
Game kaunsi thi??,[],2025-08-28T02:50:56Z,@nishantpathania9424,0
agye paid promotion k raja,[],2025-08-28T05:54:29Z,@TechTrooper93,0
Vivo t4 pro ka unboxing kb hoga,[],2025-08-28T08:52:15Z,@SurajRu0715,0
â¤â¤ğŸ‰ğŸ‰,[],2025-08-27T17:39:02Z,@Mgsudipta,0
"12 GB RAM 256 IS JOKE 

KAM SE KAM GOOGLE ONE STORAGE  FREE DE DENA CHAIYE IS RATE MEIN ğŸ˜Š",[],2025-08-27T17:59:45Z,@abdulkhadeer5325,0
Which colour is best in 10 pro. M gonna buy soon,[],2025-08-28T07:34:25Z,@blacklistedsachin007,0
"Indeed one of the best looking smartphones ever, if not the best..but worth buying at 50k during sale.not worth 80k",[],2025-08-27T18:00:11Z,@somakbhattacharya6675,0
Brooo waiting for ur review,[],2025-08-27T17:59:04Z,@ASBIKER90,0
Sir please video make on tab for students,[],2025-08-27T18:11:32Z,@gamer-x1k3s,1
Pixel 10A kab launch hoga sir...!?,[],2025-08-27T17:46:26Z,@utsabmondal6849,0
Kis kisko sikhon ka add aaya like karo,[],2025-08-28T11:44:20Z,@sahilpansare6504,0
Pixel 10 pro hi lene wala hoon,[],2025-08-28T17:40:18Z,@ankanrajmaity1243,0
Bro my Poco F6 and F7 has more antutu score than this phone ğŸ¤£ğŸ¤£,[],2025-08-28T04:20:28Z,@Kevin3_5,0
Please give me sir  Google pixel 10 pro xl  ğŸ˜¢ğŸ˜¢,[],2025-08-28T04:23:59Z,@kslofisongofficial_123,1
sab kuch ok hai lekin Jio ka network hi ok nahi hai,[],2025-08-27T18:41:07Z,@CaptureIndia,0
Indian version 256 storage only. No use,[],2025-08-29T15:37:16Z,@daviddhiru,1
Vivo T4 Pro ka Unnoxing kab aayega...trakin,[],2025-08-28T10:02:13Z,@technicalvidhi,0
"been using pixel 7 since launch, no complaints (except for when I dipped it in the pool for underwater photos and the water seeped in, no idea what happened there)",[],2025-08-28T15:25:42Z,@MrSandy28,0
"à¤¬à¤¾à¤¹à¤° à¤¤à¥‹ à¤¹à¥ˆà¤ à¤ªà¥à¤°à¥‹à¤¸à¤² à¤®à¥‡ 512,à¤ªà¤¤à¤¾ à¤¨à¤¹à¥€à¤‚ à¤‡à¤‚à¤¡à¤¿à¤¯à¤¾ à¤¸à¥‡ à¤¹à¥€ à¤•à¥à¤¯à¤¾ à¤¦à¥à¤¶à¥à¤®à¤¨à¥€ à¤¹à¥ˆà¤",[],2025-08-28T06:50:48Z,@avinashkumar-nu5uh,0
6:02 Tensor G5 GPU score is lower than G4ğŸ˜…,[],2025-08-28T02:23:25Z,@abhisingh6016,0
Pixels are not upto the mark as far as price to performance ratio is concerned who is agree with meğŸ™‹,[],2025-08-27T17:34:08Z,@coolumerkhan,0
Price?,[],2025-08-28T19:28:37Z,@kunalgadekar7727,0
bhai ye google pixel 10 k har videos p ads kyu nhi dikh rhe?,[],2025-08-28T07:39:58Z,@rxjesh,0
"Google ka G5 processor made by samsung hai ya TSMC, khabar aayi thi ki abki baar TSMC ne bnaya hai Ye or confirm kerdo bhai.",[],2025-08-27T19:21:56Z,@keshavvats7485,0
Vivo t4 pro ka unboxing kiy nahi kiya ??,[],2025-08-29T18:23:41Z,@editbynajmul2004,0
"Goggle pixle 10 a kab launch hoga aur kitna price tak aayega
....???",[],2025-08-29T10:28:33Z,@Adit___0.2,0
"Sir 
Next video on Vivo T4 pro unboxing and detailed review
Plz",[],2025-08-28T12:57:40Z,@gama19gamers41,0
"Google photos me 15 gb storage milta hai 

I don't know why google don't give a separate unlimited storage gallery",[],2025-08-28T06:22:56Z,@no12220,0
9 saal se using redmi note 4,[],2025-08-28T03:42:35Z,@Theone-yf5zq,0
Samsung s24 ultra user like hare,[],2025-08-27T17:26:04Z,@milonmarbleinterior901,0
Most improved smartphone google pixel and one plus gradually....,[],2025-08-28T08:36:29Z,@hoho-rr5mz,0
Can i do the drop testğŸ˜…,[],2025-08-29T01:52:26Z,@athulmadhu6372,0
"Jitna features samsung k phones ka batate ho, itna pixel k bare me bhi bataya karo",[],2025-08-27T17:55:51Z,@NatureGuy-l1e,0
Vivo x200 fe is Best ğŸ˜‚,['Os & UI me farak hai bro'],2025-08-28T03:44:23Z,@SMxyz,2
Google Pixel phone kaun kaun buy kar raha hai ? Kiska job salary 1 lakh rupees hai ğŸ˜ƒ,[],2025-08-29T04:20:13Z,@SantoshTripathy2025,0
7:49 ....2022âŒ.2032âœ…,[],2025-08-29T06:58:40Z,@surajchougale5541,0
Realme p4 series ki video q nhi aayi abhi tk,[],2025-08-27T17:43:54Z,@himanshukhandelwal8837,0
Waiting full review for 10 pro,[],2025-08-28T01:02:32Z,@Aiprime09,0
sir realme p4 pro unboxing please,[],2025-08-28T06:03:44Z,@nation0007,1
à¤­à¤¾à¤ˆ à¤†à¤ª à¤•à¤®à¥à¤ªà¤¨à¥€ à¤•à¤¾ à¤ªà¥à¤°à¤šà¤¾à¤° à¤…à¤šà¥à¤›à¤¾ à¤•à¤° à¤²à¥‡à¤¤à¥‡ à¤¹à¥‹,[],2025-08-27T18:48:57Z,@deepankarnidhi1337,0
Table changed??,[],2025-08-28T06:34:57Z,@song_stashh,0
Wait for 6 months this phone will have 25-30% discount.,[],2025-08-28T05:21:07Z,@ritjain13,0
ğŸ‘ğŸ‘ğŸ‘ğŸ‘,[],2025-08-28T01:50:45Z,@SaifBUDYE7,0
Ab phones ka vo craze nahi raha as design point of view se bohat change nahi hota ...,[],2025-08-28T15:45:09Z,@RajuSharma-lk1xd,0
Bas rate sun lia agye kya dekhna ğŸ˜¢,[],2025-08-27T17:27:31Z,@dhillon93,0
Bhaiya vivo t4 pro review,[],2025-08-27T17:16:48Z,@Tamilanedits360official,1
Got my pixel 10 just today,[],2025-08-27T19:10:09Z,@chessopediaacademy1159,1
"Excuse me sir!
Vivo T4 Pro ka video kab aayega?",[],2025-08-29T08:21:34Z,@mohitkumardey1712,0
Bhai itna performance pixel de is price me to thik....nothing de to overpriced?....btw 30-50k wale phones hi bestğŸ˜‚,[],2025-08-28T10:40:09Z,@jayu92513,0
"do a comparsion with apple and pixel 10 , pleaseğŸ™",[],2025-08-27T19:16:36Z,@swayambrahmbhatt6969,1
13:52 why the hell the left clip looks like AI????,[],2025-08-27T18:30:46Z,@ArnavHadole,0
Should I prefer this or i phone 16 pro ?,[],2025-08-27T18:12:30Z,@devanshchaurasia4381,0
Reality à¤¬à¤¤à¤¾à¤“ ğŸ˜…,[],2025-08-28T08:31:31Z,@THEYADAV2035,0
U reviewers don't talk about features like UltraHDR in photos and HDR in video when using camera is there in Pixel 10. It's not there in Pixel 9A.,[],2025-08-27T17:15:36Z,@roguegaming6001,1
"Basically, they use the 3X sensor for the portrait because the human shorts are better compatible with 3X zoom",[],2025-08-28T10:20:05Z,@surendrajagtap5515,0
Processor ğŸ¤¡,[],2025-08-27T23:59:09Z,@premprabhat3498,1
Definitely better than Iphone 17 series,[],2025-08-29T06:58:06Z,@ankitroy2196,0
Kon kon meri tarah samsung galaxy s25 pe dekh raha hai....lol ğŸ˜‚,['@@tanmoysen4858 main'],2025-08-28T14:08:59Z,@tanmoysen4858,0
"Sir tumchyakade evdhe sare mobile ahet ekhada mala dya ki sir.second hand dya ,navin naka deuu sir.",[],2025-08-28T02:22:41Z,@Rahulsalve-rp4sw,0
Looks and ui may be good but vivo  specs and cameras and battery with fast charging is way better then any other available in market,[],2025-08-28T17:56:43Z,@mrworldwide_bk,0
Google copy apple ğŸ,[],2025-08-27T19:00:04Z,@imgc2,0
Most detailed review,[],2025-08-31T14:54:37Z,@JavedAli-it2jz,0
"Sir giveaway needed â¤ , love from Maharashtra",[],2025-08-28T02:34:38Z,@hiteshambatkar55,0
Kon instagram chodker aaya hağŸ˜‚ğŸ˜‚,[],2025-08-27T17:18:47Z,@lalithans1971,0
Sir please vivo t4 pro ka video  le kar aao â¤,[],2025-08-28T03:11:23Z,@zx_rohiiitttt,0
â¤â¤,[],2025-08-28T06:37:35Z,@chustabhaat,0
â¤â¤,[],2025-08-28T06:25:04Z,@AasifKhan-vg3ez,0
â¤â¤,[],2025-08-27T17:28:20Z,@DineshThapa-r3h6r,0
â¤â¤,[],2025-09-02T04:43:15Z,@PratikPatel-v7r,0
à¤«à¥‡à¤•à¤¤à¤¾ à¤­à¥€ à¤¹à¥ˆ à¤”à¤° à¤šà¥Œà¤•à¤¤à¤¾ à¤­à¥€ à¤¹à¥ˆ ğŸ˜‚,[],2025-08-28T14:59:34Z,@dss318,0
Previous models mein kuch discount aaya?,[],2025-08-29T07:01:19Z,@ishanawasthi5777,0
"à¤‡à¤¸à¤®à¥‡à¤‚ à¤¸à¤¿à¤°à¥à¤« fhd+ à¤¡à¤¿à¤¸à¥à¤ªà¥à¤²à¥‡ à¤¹à¥ˆ
Ir blaster bhi nahi hai
Single speaker ğŸ”Š hai
Dolby vision bhi nahi hai 

ğŸ¥´ğŸ¥´ğŸ¥´",[],2025-08-27T23:33:05Z,@dilkhushmeena329,0
Using 7 years old phone â˜ ï¸,[],2025-08-28T04:47:45Z,@mrstripper526,0
Pixel 9 le ya 10 le,[],2025-08-27T18:20:48Z,@mdzeeshanmaniyar4041,0
Is the iphone 16pro mx better or is it google pixel 10?,[],2025-08-28T02:05:28Z,@Samarpanonline70,0
Watching it on 4g phone ğŸ˜¢redmi note 9 pro,[],2025-08-28T05:14:48Z,@viveknalawade7825,0
Bhaiya Vivo t4 pro ka review karo,[],2025-08-28T05:05:37Z,@AdityaMinz-gz1jo,1
Iss baar lg rha hai lene lyk pr jb jb price km ho jye yrr kmse km 8 gen 3 daal dete naam change krke to aur badhiya rehta,[],2025-08-27T18:00:59Z,@RAOSAHABGAMING-ht9vn,0
Mere pass toh vivo v20 hai ğŸ¥²ğŸ¥²ğŸ¥²ğŸ¥²,[],2025-08-28T12:37:20Z,@funnwitheducation1978,0
Samsung S 26 Pro is rumour to have better specs at a compact size. Should I wait for that or should I buy the pixel 10 Pro?,[],2025-08-27T21:39:54Z,@chill_life_246,0
"Expecting a detailed review on Pro model.

What do you think, is this worthy for 1 lakh investment?",[],2025-08-28T02:15:08Z,@nostalgistrider,0
Nord 5 se comparison hoga kya ğŸ˜…,[],2025-08-28T14:22:30Z,@rajudaheriya351,0
Bro one plus 13 pro KB thak ayega and uska futures batha saktha hai kya,[],2025-08-29T20:05:09Z,@rajeshkhanna4510,0
pixel 10 pro reviw love and ğŸ‡§ğŸ‡©ğŸ‡§ğŸ‡©ğŸ‡§ğŸ‡©ğŸ‡§ğŸ‡©ğŸ‡§ğŸ‡©ğŸ‡§ğŸ‡©ğŸ‡§ğŸ‡©,[],2025-08-28T03:14:40Z,@REVAN-OFFICIAL-H1x_Team,1
Pixel a series should come under 30-35K,[],2025-08-31T15:07:24Z,@HS_22317,0
0:54 suggest me a job I am now very hopeless after spending so much on education,[],2025-08-27T17:32:07Z,@UNEMPLOYEDHu,0
7:49 2032ğŸ˜…,[],2025-08-29T03:07:21Z,@ChanduWorldWide,0
Aap log drop test floor pe kyu nai karte ? Table pe drop test karne ka kya fayda ? Reality me toh humara phone zameen pe hi girta hai !!!,[],2025-08-28T07:06:38Z,@bunty3929,0
"Too bad processor for such a premium price.
Not for gamers, not for camera geeks , not big battery.
Overall it's useless on this price tag",[],2025-08-30T15:05:01Z,@saintlyepic,1
â¤ğŸ‰,[],2025-08-27T18:19:41Z,@ArifHossain-tm2hi,0
Watching on my pixel 7ğŸ‰,[],2025-08-27T20:16:43Z,@bilalhaider5118,0
Kaun kaun iQOO Neo 10R use kar raha hai....â¤,[],2025-08-27T17:59:23Z,@vishalshindevlog9778,0
"interested in pixel 10, at 69999, with hdfc credit card, its amazing",[],2025-08-28T06:26:34Z,@operater6608,0
Vdo 60fps par rakha karo animations achhese pata chala hein,[],2025-08-28T05:38:25Z,@Dhruba_7789gw,0
Mujhe to 10 57k me he milrha hai ğŸ˜‚,[],2025-08-28T14:59:58Z,@khuzaimawastanvi6560,0
Pro vs pro xl comparison ğŸ™ğŸ˜Š,[],2025-08-28T07:23:12Z,@FactNight,0
Abe t4pro ka unboxing kb kfoge,[],2025-08-28T15:06:15Z,@hritikkumar2619,0
I think it can't beat oneplus 13,[],2025-08-27T18:16:43Z,@therockyswami,0
mera mobile per green line a GayağŸ˜¢. mere ko ek give kar dijiye sirâ¤.,[],2025-08-28T06:53:21Z,@hasiblayek602,0
iPhone still value for money,[],2025-08-27T17:32:12Z,@boldAlphaLion,1
Game kaunsi thi??,[],2025-08-28T02:50:56Z,@nishantpathania9424,0
agye paid promotion k raja,[],2025-08-28T05:54:29Z,@TechTrooper93,0
Vivo t4 pro ka unboxing kb hoga,[],2025-08-28T08:52:15Z,@SurajRu0715,0
â¤â¤ğŸ‰ğŸ‰,[],2025-08-27T17:39:02Z,@Mgsudipta,0
"12 GB RAM 256 IS JOKE 

KAM SE KAM GOOGLE ONE STORAGE  FREE DE DENA CHAIYE IS RATE MEIN ğŸ˜Š",[],2025-08-27T17:59:45Z,@abdulkhadeer5325,0
Which colour is best in 10 pro. M gonna buy soon,[],2025-08-28T07:34:25Z,@blacklistedsachin007,0
"Indeed one of the best looking smartphones ever, if not the best..but worth buying at 50k during sale.not worth 80k",[],2025-08-27T18:00:11Z,@somakbhattacharya6675,0
Brooo waiting for ur review,[],2025-08-27T17:59:04Z,@ASBIKER90,0
Sir please video make on tab for students,[],2025-08-27T18:11:32Z,@gamer-x1k3s,1
Pixel 10A kab launch hoga sir...!?,[],2025-08-27T17:46:26Z,@utsabmondal6849,0
Kis kisko sikhon ka add aaya like karo,[],2025-08-28T11:44:20Z,@sahilpansare6504,0
Pixel 10 pro hi lene wala hoon,[],2025-08-28T17:40:18Z,@ankanrajmaity1243,0
Bro my Poco F6 and F7 has more antutu score than this phone ğŸ¤£ğŸ¤£,[],2025-08-28T04:20:28Z,@Kevin3_5,0
Please give me sir  Google pixel 10 pro xl  ğŸ˜¢ğŸ˜¢,[],2025-08-28T04:23:59Z,@kslofisongofficial_123,1
sab kuch ok hai lekin Jio ka network hi ok nahi hai,[],2025-08-27T18:41:07Z,@CaptureIndia,0
Indian version 256 storage only. No use,[],2025-08-29T15:37:16Z,@daviddhiru,1
Vivo T4 Pro ka Unnoxing kab aayega...trakin,[],2025-08-28T10:02:13Z,@technicalvidhi,0
"been using pixel 7 since launch, no complaints (except for when I dipped it in the pool for underwater photos and the water seeped in, no idea what happened there)",[],2025-08-28T15:25:42Z,@MrSandy28,0
"à¤¬à¤¾à¤¹à¤° à¤¤à¥‹ à¤¹à¥ˆà¤ à¤ªà¥à¤°à¥‹à¤¸à¤² à¤®à¥‡ 512,à¤ªà¤¤à¤¾ à¤¨à¤¹à¥€à¤‚ à¤‡à¤‚à¤¡à¤¿à¤¯à¤¾ à¤¸à¥‡ à¤¹à¥€ à¤•à¥à¤¯à¤¾ à¤¦à¥à¤¶à¥à¤®à¤¨à¥€ à¤¹à¥ˆà¤",[],2025-08-28T06:50:48Z,@avinashkumar-nu5uh,0
6:02 Tensor G5 GPU score is lower than G4ğŸ˜…,[],2025-08-28T02:23:25Z,@abhisingh6016,0
Pixels are not upto the mark as far as price to performance ratio is concerned who is agree with meğŸ™‹,[],2025-08-27T17:34:08Z,@coolumerkhan,0
Price?,[],2025-08-28T19:28:37Z,@kunalgadekar7727,0
bhai ye google pixel 10 k har videos p ads kyu nhi dikh rhe?,[],2025-08-28T07:39:58Z,@rxjesh,0
"Google ka G5 processor made by samsung hai ya TSMC, khabar aayi thi ki abki baar TSMC ne bnaya hai Ye or confirm kerdo bhai.",[],2025-08-27T19:21:56Z,@keshavvats7485,0
Vivo t4 pro ka unboxing kiy nahi kiya ??,[],2025-08-29T18:23:41Z,@editbynajmul2004,0
"Goggle pixle 10 a kab launch hoga aur kitna price tak aayega
....???",[],2025-08-29T10:28:33Z,@Adit___0.2,0
"Sir 
Next video on Vivo T4 pro unboxing and detailed review
Plz",[],2025-08-28T12:57:40Z,@gama19gamers41,0
"Google photos me 15 gb storage milta hai 

I don't know why google don't give a separate unlimited storage gallery",[],2025-08-28T06:22:56Z,@no12220,0
9 saal se using redmi note 4,[],2025-08-28T03:42:35Z,@Theone-yf5zq,0
Samsung s24 ultra user like hare,[],2025-08-27T17:26:04Z,@milonmarbleinterior901,0
Most improved smartphone google pixel and one plus gradually....,[],2025-08-28T08:36:29Z,@hoho-rr5mz,0
Can i do the drop testğŸ˜…,[],2025-08-29T01:52:26Z,@athulmadhu6372,0
"Jitna features samsung k phones ka batate ho, itna pixel k bare me bhi bataya karo",[],2025-08-27T17:55:51Z,@NatureGuy-l1e,0
Vivo x200 fe is Best ğŸ˜‚,['Os & UI me farak hai bro'],2025-08-28T03:44:23Z,@SMxyz,2
Google Pixel phone kaun kaun buy kar raha hai ? Kiska job salary 1 lakh rupees hai ğŸ˜ƒ,[],2025-08-29T04:20:13Z,@SantoshTripathy2025,0
7:49 ....2022âŒ.2032âœ…,[],2025-08-29T06:58:40Z,@surajchougale5541,0
Realme p4 series ki video q nhi aayi abhi tk,[],2025-08-27T17:43:54Z,@himanshukhandelwal8837,0
Waiting full review for 10 pro,[],2025-08-28T01:02:32Z,@Aiprime09,0
sir realme p4 pro unboxing please,[],2025-08-28T06:03:44Z,@nation0007,1
à¤­à¤¾à¤ˆ à¤†à¤ª à¤•à¤®à¥à¤ªà¤¨à¥€ à¤•à¤¾ à¤ªà¥à¤°à¤šà¤¾à¤° à¤…à¤šà¥à¤›à¤¾ à¤•à¤° à¤²à¥‡à¤¤à¥‡ à¤¹à¥‹,[],2025-08-27T18:48:57Z,@deepankarnidhi1337,0
Table changed??,[],2025-08-28T06:34:57Z,@song_stashh,0
Wait for 6 months this phone will have 25-30% discount.,[],2025-08-28T05:21:07Z,@ritjain13,0
ğŸ‘ğŸ‘ğŸ‘ğŸ‘,[],2025-08-28T01:50:45Z,@SaifBUDYE7,0
Ab phones ka vo craze nahi raha as design point of view se bohat change nahi hota ...,[],2025-08-28T15:45:09Z,@RajuSharma-lk1xd,0
Bas rate sun lia agye kya dekhna ğŸ˜¢,[],2025-08-27T17:27:31Z,@dhillon93,0
